{
  "word_start_dd": {
    "best_dist": "weibull",
    "params": [
      1.2081341203148468,
      0.0019974680064459107,
      0.4036002755221837
    ],
    "data_stats": {
      "mean": 0.3767032779906343,
      "median": 0.248,
      "std": 0.4165969599152251,
      "q25": 0.163,
      "q75": 0.463
    }
  },
  "word_end_dd": {
    "best_dist": "weibull",
    "params": [
      1.025704015390641,
      0.0019997098227102572,
      0.2621312743159967
    ],
    "data_stats": {
      "mean": 0.26036342514316885,
      "median": 0.163,
      "std": 0.49824024470405276,
      "q25": 0.115,
      "q75": 0.242
    }
  },
  "mid_word_dd": {
    "best_dist": "weibull",
    "params": [
      0.360835995541538,
      0.0019999999999999996,
      0.024602364457868064
    ],
    "data_stats": {
      "mean": 0.20067740626378475,
      "median": 0.157,
      "std": 0.26133689398430915,
      "q25": 0.112,
      "q75": 0.215
    }
  }
}