{
  "Word Start": {
    "count": 89567,
    "dd_mean": 0.36820155860975584,
    "dd_median": 0.247,
    "dd_std": 0.466303447111672,
    "hold_mean": 0.1028485937901236,
    "hold_median": 0.091
  },
  "Word End": {
    "count": 92235,
    "dd_mean": 0.25519914349216677,
    "dd_median": 0.162,
    "dd_std": 0.5101046154419621,
    "hold_mean": 0.1281870981731447,
    "hold_median": 0.094
  },
  "Mid Word": {
    "count": 348738,
    "dd_mean": 0.21638983133469827,
    "dd_median": 0.163,
    "dd_std": 0.42610932655699585,
    "hold_mean": 0.10627923541455189,
    "hold_median": 0.089
  }
}