{
  "hold_time": {
    "gamma": {
      "params": [
        0.008383321231270818,
        0.0019999999999999996,
        1.5476221153476004
      ],
      "ks_stat": 0.9672481843983596,
      "ks_p": 0.0,
      "aic": 2596839.092107412,
      "n_samples": 525177
    },
    "weibull": {
      "params": [
        0.33311404822705926,
        0.0019999999999999996,
        0.011439684656189424
      ],
      "ks_stat": 0.7713501637290144,
      "ks_p": 0.0,
      "aic": 29880.950090896702,
      "n_samples": 525177
    },
    "best_dist": "weibull",
    "data_stats": {
      "mean": 0.11053215963379966,
      "median": 0.091,
      "std": 0.2536403493683484,
      "q25": 0.072,
      "q75": 0.116
    },
    "negative_ratio": 0.0
  },
  "dd_flight": {
    "gamma": {
      "params": [
        0.041391589460462445,
        0.0019999999999999996,
        1.5446389829352012
      ],
      "ks_stat": 0.8648992205683074,
      "ks_p": 0.0,
      "aic": 1822247.642159286,
      "n_samples": 526229
    },
    "weibull": {
      "params": [
        0.6600364594194272,
        0.0019999999999999996,
        0.056163080589245976
      ],
      "ks_stat": 0.6368011857469871,
      "ks_p": 0.0,
      "aic": 488043.2948742559,
      "n_samples": 526229
    },
    "best_dist": "weibull",
    "data_stats": {
      "mean": 0.26174452377197,
      "median": 0.174,
      "std": 0.3713587527695624,
      "q25": 0.121,
      "q75": 0.268
    },
    "negative_ratio": 0.0072324748306480365,
    "negative_stats": {
      "mean": -1.585708659363589,
      "median": -0.2875,
      "std": 2.4097076719077886
    }
  },
  "ud_flight": {
    "gamma": {
      "params": [
        0.0689561945634811,
        0.0019999999999999996,
        1.5452219478093285
      ],
      "ks_stat": 0.6981770839848427,
      "ks_p": 0.0,
      "aic": 473716.480701414,
      "n_samples": 434346
    },
    "weibull": {
      "params": [
        0.7603338105698395,
        0.0019999999999999996,
        0.07081649751307484
      ],
      "ks_stat": 0.3093745966776731,
      "ks_p": 0.0,
      "aic": -369997.21406387276,
      "n_samples": 434346
    },
    "best_dist": "weibull",
    "data_stats": {
      "mean": 0.19177446551827343,
      "median": 0.104,
      "std": 0.2952095195899133,
      "q25": 0.056,
      "q75": 0.208
    },
    "negative_ratio": 0.16470197638598855,
    "negative_stats": {
      "mean": -0.11100119115794295,
      "median": -0.031,
      "std": 0.6230313044653438
    }
  }
}