{
  ",": {
    "best_dist": "gamma",
    "params": [
      9.190552883790648,
      -0.0054901834338609914,
      0.01038867680490374
    ],
    "data_stats": {
      "mean": 0.08998746299843287,
      "median": 0.084,
      "std": 0.03316948466739347,
      "q25": 0.068,
      "q75": 0.106
    },
    "n_samples": 5743
  },
  ".": {
    "best_dist": "gamma",
    "params": [
      0.60435701964036,
      0.0019999999999999996,
      0.65302977736385
    ],
    "data_stats": {
      "mean": 0.39245233231188287,
      "median": 0.086,
      "std": 1.4182741677013615,
      "q25": 0.068,
      "q75": 0.11
    },
    "n_samples": 5874
  },
  "Backspace": {
    "best_dist": "gamma",
    "params": [
      0.2532396954551339,
      0.0019999999999999996,
      2.9824920596127265
    ],
    "data_stats": {
      "mean": 0.09025258939580764,
      "median": 0.078,
      "std": 0.20244129062341829,
      "q25": 0.063,
      "q75": 0.096
    },
    "n_samples": 32440
  },
  "Shift": {
    "best_dist": "weibull",
    "params": [
      0.46709592804583633,
      0.0019999999999999996,
      0.08303679064820599
    ],
    "data_stats": {
      "mean": 0.3737952367121696,
      "median": 0.296,
      "std": 0.4614995789315711,
      "q25": 0.222,
      "q75": 0.407
    },
    "n_samples": 3443
  },
  "Space": {
    "best_dist": "weibull",
    "params": [
      1.4079098985886958,
      0.001999335692013896,
      0.11196623625314518
    ],
    "data_stats": {
      "mean": 0.10287444436998815,
      "median": 0.091,
      "std": 0.11977291024717666,
      "q25": 0.074,
      "q75": 0.116
    },
    "n_samples": 89538
  },
  "a": {
    "best_dist": "weibull",
    "params": [
      1.2053820676688263,
      0.004998944632191817,
      0.12758172590893468
    ],
    "data_stats": {
      "mean": 0.12250041169942362,
      "median": 0.107,
      "std": 0.244916208546212,
      "q25": 0.086,
      "q75": 0.133
    },
    "n_samples": 27933
  },
  "b": {
    "best_dist": "gamma",
    "params": [
      9.074912475319078,
      -0.0006351094760044164,
      0.00990714288881161
    ],
    "data_stats": {
      "mean": 0.08927135601046636,
      "median": 0.083,
      "std": 0.0311960307543173,
      "q25": 0.069,
      "q75": 0.104
    },
    "n_samples": 6497
  },
  "c": {
    "best_dist": "weibull",
    "params": [
      0.3384147911859898,
      0.003999999999999999,
      0.008668972579461132
    ],
    "data_stats": {
      "mean": 0.11628419434921386,
      "median": 0.096,
      "std": 0.2802745046247324,
      "q25": 0.078,
      "q75": 0.122
    },
    "n_samples": 8459
  },
  "d": {
    "best_dist": "weibull",
    "params": [
      0.20225360750958066,
      0.005999999999999999,
      0.0017750401026463342
    ],
    "data_stats": {
      "mean": 0.10942055037727474,
      "median": 0.1,
      "std": 0.14987429169795002,
      "q25": 0.08,
      "q75": 0.127
    },
    "n_samples": 13518
  },
  "e": {
    "best_dist": "weibull",
    "params": [
      1.123691885201132,
      0.001999238271345228,
      0.12934196942434356
    ],
    "data_stats": {
      "mean": 0.12367989032645016,
      "median": 0.098,
      "std": 0.2708752525730957,
      "q25": 0.079,
      "q75": 0.127
    },
    "n_samples": 46684
  },
  "f": {
    "best_dist": "weibull",
    "params": [
      2.8115917373349726,
      0.007593088867437537,
      0.10436342166893087
    ],
    "data_stats": {
      "mean": 0.10079663233611248,
      "median": 0.096,
      "std": 0.034160199694898995,
      "q25": 0.078,
      "q75": 0.119
    },
    "n_samples": 6117
  },
  "g": {
    "best_dist": "gamma",
    "params": [
      9.032012900421538,
      -0.002022383733137063,
      0.010655977194885126
    ],
    "data_stats": {
      "mean": 0.09422249226690235,
      "median": 0.088,
      "std": 0.033293566112291686,
      "q25": 0.072,
      "q75": 0.111
    },
    "n_samples": 9052
  },
  "h": {
    "best_dist": "gamma",
    "params": [
      0.12581448852107485,
      0.003999999999999991,
      131.79952544658863
    ],
    "data_stats": {
      "mean": 0.09218659317882043,
      "median": 0.087,
      "std": 0.06920137985221857,
      "q25": 0.072,
      "q75": 0.106
    },
    "n_samples": 21228
  },
  "i": {
    "best_dist": "weibull",
    "params": [
      1.046972922908376,
      0.003999804731344247,
      0.11208116605302161
    ],
    "data_stats": {
      "mean": 0.11289233167319318,
      "median": 0.086,
      "std": 0.31636096317821916,
      "q25": 0.07,
      "q75": 0.109
    },
    "n_samples": 26303
  },
  "j": {
    "best_dist": "weibull",
    "params": [
      2.3213790953850353,
      0.0046140607136724646,
      0.09181920828257323
    ],
    "data_stats": {
      "mean": 0.08613544668587896,
      "median": 0.08,
      "std": 0.03647349651655858,
      "q25": 0.064,
      "q75": 0.104
    },
    "n_samples": 694
  },
  "k": {
    "best_dist": "gamma",
    "params": [
      11.578958523463955,
      -0.009931868399869174,
      0.008733492230817793
    ],
    "data_stats": {
      "mean": 0.09119290657439445,
      "median": 0.087,
      "std": 0.03068210495462894,
      "q25": 0.071,
      "q75": 0.106
    },
    "n_samples": 3468
  },
  "l": {
    "best_dist": "weibull",
    "params": [
      2.713939700549904,
      0.0029658475670855744,
      0.09347031925639587
    ],
    "data_stats": {
      "mean": 0.08646854698146093,
      "median": 0.08,
      "std": 0.030709185272362684,
      "q25": 0.066,
      "q75": 0.1
    },
    "n_samples": 18933
  },
  "m": {
    "best_dist": "gamma",
    "params": [
      10.665177926135392,
      -0.006667492269758322,
      0.009471319855867012
    ],
    "data_stats": {
      "mean": 0.09434585420144685,
      "median": 0.089,
      "std": 0.03198193718682063,
      "q25": 0.072,
      "q75": 0.111
    },
    "n_samples": 10782
  },
  "n": {
    "best_dist": "weibull",
    "params": [
      0.35695230211411133,
      0.0029999999999999996,
      0.009281940086629656
    ],
    "data_stats": {
      "mean": 0.10628835730877378,
      "median": 0.088,
      "std": 0.26238292754609427,
      "q25": 0.071,
      "q75": 0.109
    },
    "n_samples": 24539
  },
  "o": {
    "best_dist": "gamma",
    "params": [
      0.18776443298343548,
      0.003999999999999999,
      10.010420063112868
    ],
    "data_stats": {
      "mean": 0.10923311709913505,
      "median": 0.088,
      "std": 0.24333938341342162,
      "q25": 0.071,
      "q75": 0.112
    },
    "n_samples": 36072
  },
  "p": {
    "best_dist": "gamma",
    "params": [
      7.450812975918744,
      -0.0006545368258611318,
      0.013153068403842127
    ],
    "data_stats": {
      "mean": 0.0973466076696165,
      "median": 0.09,
      "std": 0.03758245557718409,
      "q25": 0.072,
      "q75": 0.115
    },
    "n_samples": 4746
  },
  "q": {
    "best_dist": "gamma",
    "params": [
      15.823835110796079,
      -0.046931212087187174,
      0.009177496579009086
    ],
    "data_stats": {
      "mean": 0.09829197080291971,
      "median": 0.095,
      "std": 0.03698612100789736,
      "q25": 0.072,
      "q75": 0.118
    },
    "n_samples": 137
  },
  "r": {
    "best_dist": "weibull",
    "params": [
      0.34423266886739334,
      0.0029999999999999996,
      0.009599991157093958
    ],
    "data_stats": {
      "mean": 0.1184863454908365,
      "median": 0.096,
      "std": 0.2769520945228391,
      "q25": 0.078,
      "q75": 0.127
    },
    "n_samples": 22044
  },
  "s": {
    "best_dist": "weibull",
    "params": [
      0.27054214976664936,
      0.004999999999999999,
      0.005702839643366115
    ],
    "data_stats": {
      "mean": 0.11410460709172073,
      "median": 0.1,
      "std": 0.21641013066418224,
      "q25": 0.08,
      "q75": 0.127
    },
    "n_samples": 23746
  },
  "t": {
    "best_dist": "weibull",
    "params": [
      3.0830909617860556,
      0.001965186593561971,
      0.10421452911195603
    ],
    "data_stats": {
      "mean": 0.0954562849343559,