{
  "original_rows": 562583,
  "after_cleaning": 559485,
  "rows_removed": 3098,
  "participants": 99,
  "unique_key_pairs": 2005,
  "timing_stats": {
    "DU.key1.key1": {
      "mean": 0.11179881498163488,
      "median": 0.091,
      "std": 0.27206096401021446,
      "min": 0.0,
      "max": 9.968,
      "q25": 0.072,
      "q75": 0.116
    },
    "DD.key1.key2": {
      "mean": 0.25110216002216323,
      "median": 0.174,
      "std": 0.482422866921795,
      "min": -9.888,
      "max": 9.904,
      "q25": 0.12,
      "q75": 0.272
    },
    "DU.key1.key2": {
      "mean": 0.36382880863651396,
      "median": 0.272,
      "std": 0.40053679085610117,
      "min": -7.935,
      "max": 9.992,
      "q25": 0.216,
      "q75": 0.376
    },
    "UD.key1.key2": {
      "mean": 0.13930334504052835,
      "median": 0.082,
      "std": 0.41126342606109917,
      "min": -9.954,
      "max": 9.697,
      "q25": 0.02,
      "q75": 0.173
    },
    "UU.key1.key2": {
      "mean": 0.25202999365487905,
      "median": 0.176,
      "std": 0.2972748677713128,
      "min": -8.009,
      "max": 9.847,
      "q25": 0.118,
      "q75": 0.272
    }
  }
}