{
  "Random Forest": {
    "accuracy": 0.9816496405599697,
    "f1_score": 0.9818928504760127,
    "precision": 0.9690493736182756,
    "recall": 0.9950813469542187,
    "auc_roc": 0.9989846393553228,
    "cv_f1_mean": 0.9798820806834241,
    "cv_f1_std": 0.0009643422839429198
  },
  "Gradient Boosting": {
    "accuracy": 0.8911275066212637,
    "f1_score": 0.9009040034438226,
    "precision": 0.8266708800758413,
    "recall": 0.9897843359818388,
    "auc_roc": 0.975271739869549,
    "cv_f1_mean": 0.8997294868851016,
    "cv_f1_std": 0.005303048575117092
  },
  "AdaBoost": {
    "accuracy": 0.6643965191070753,
    "f1_score": 0.7450783158499784,
    "precision": 0.6006719184430028,
    "recall": 0.9808929247067726,
    "auc_roc": 0.6958888039981396,
    "cv_f1_mean": 0.7464197693970751,
    "cv_f1_std": 0.0018947790261809665
  }
}